commodity,p25,p75,median,n_valid,iqr,bound_type,lower_bound,upper_bound
Jowar(Sorghum),875.0,2050.0,1400.0,565603,1175.0,iqr,0.0,5575.0
Guar,1710.0,4300.0,3150.0,395566,2590.0,iqr,0.0,12070.0
Papaya,1150.0,2400.0,1800.0,342802,1250.0,iqr,0.0,6150.0
Black pepper,30000.0,51000.0,38000.0,62128,21000.0,iqr,0.0,114000.0
Lint,3800.0,8600.0,5700.0,1680,4800.0,iqr,0.0,23000.0
Cowpea(Veg),2600.0,4800.0,3600.0,194673,2200.0,iqr,0.0,11400.0
Resinwood,600.0,1500.0,1400.0,825,900.0,iqr,0.0,4200.0
Drumstick,2250.0,6000.0,3500.0,226271,3750.0,iqr,0.0,17250.0
Chrysanthemum,2.6,6.8,4.0,1961,4.199999999999999,iqr,0.0,19.4
Mango (Raw-Ripe),1500.0,4500.0,2600.0,111274,3000.0,iqr,0.0,13500.0
Thondekai,850.0,2000.0,1250.0,16814,1150.0,iqr,0.0,5450.0
Seemebadnekai,700.0,1700.0,1100.0,13401,1000.0,iqr,0.0,4700.0
Bamboo,190.0,554.0,267.0,764,364.0,iqr,0.0,1646.0
Safflower,1560.0,3139.0,2180.0,29154,1579.0,iqr,0.0,7876.0
Butter,2607.0,3800.0,3460.0,563,1193.0,iqr,0.0,7379.0
Pineapple,1600.0,3300.0,2400.0,204403,1700.0,iqr,0.0,8400.0
Mustard,2600.0,4300.0,3500.0,1114391,1700.0,iqr,0.0,9400.0
Arecanut(Betelnut-Supari),8000.0,24700.0,17000.0,273135,16700.0,iqr,0.0,74800.0
Sabu Dan,4600.0,6200.0,5400.0,1003,1600.0,iqr,0.0,11000.0
Mustard Oil,8050.0,12350.0,9400.0,161687,4300.0,iqr,0.0,25250.0
Cinamon(Dalchini),18000.0,25250.0,21000.0,343,7250.0,iqr,0.0,47000.0
Cow,5000.0,29000.0,12500.0,17500,24000.0,iqr,0.0,101000.0
Tea,12000.0,17000.0,15000.0,6481,5000.0,iqr,0.0,32000.0
Bengal Gram Dal (Chana Dal),5570.0,6500.0,6125.0,68140,930.0,iqr,2780.0,9290.0
She Buffalo,9000.0,30000.0,15000.0,13950,21000.0,iqr,0.0,93000.0
T.V. Cumbu,952.0,1915.0,1420.0,34127,963.0,iqr,0.0,4804.0
Apricot(Jardalu-Khumani),1500.0,4000.0,2900.0,3632,2500.0,iqr,0.0,11500.0
Cashew Kernnel,12000.0,37000.0,35000.0,465,25000.0,iqr,0.0,112000.0
Green Avare (W),2000.0,3900.0,2800.0,21694,1900.0,iqr,0.0,9600.0
Other Pulses,1690.0,3360.0,2470.0,46897,1670.0,iqr,0.0,8370.0
Flower Broom,1700.0,3400.0,1800.0,6,1700.0,wide_median,180.0,18000.0
Orange,1750.0,4000.0,2700.0,259607,2250.0,iqr,0.0,10750.0
Anthorium,11.0,30.0,20.0,3782,19.0,iqr,0.0,87.0
Gingelly Oil,7550.0,10706.0,8550.0,6716,3156.0,iqr,0.0,20174.0
Beans,1700.0,4000.0,2700.0,116322,2300.0,iqr,0.0,10900.0
Ox,7000.0,20000.0,12000.0,16187,13000.0,iqr,0.0,59000.0
Sarasum,2100.0,3300.0,2533.0,427,1200.0,iqr,0.0,6900.0
Banana,1100.0,2650.0,1900.0,1195301,1550.0,iqr,0.0,7300.0
Ginger(Dry),2300.0,5500.0,3500.0,253141,3200.0,iqr,0.0,15100.0
Peach,1300.0,3300.0,2200.0,14467,2000.0,iqr,0.0,9300.0
Groundnut (Split),2950.0,5750.0,4227.0,13042,2800.0,iqr,0.0,14150.0
Carnation,2.1,8.75,4.0,5173,6.65,iqr,0.0,28.700000000000003
Sweet Pumpkin,600.0,1400.0,900.0,114624,800.0,iqr,0.0,3800.0
Myrobolan(Harad),20.0,1400.0,800.0,676,1380.0,iqr,0.0,5540.0
Maize,931.0,1570.0,1271.0,1053576,639.0,iqr,0.0,3487.0
Alasande Gram,3000.0,5150.0,4150.0,18527,2150.0,iqr,0.0,11600.0
Elephant Yam (Suran),1550.0,3050.0,2300.0,90405,1500.0,iqr,0.0,7550.0
Cummin Seed(Jeera),9925.0,14800.0,12175.0,138821,4875.0,iqr,0.0,29425.0
Mint(Pudina),600.0,2500.0,1400.0,36099,1900.0,iqr,0.0,8200.0
Avare Dal,2200.0,5200.0,3350.0,8241,3000.0,iqr,0.0,14200.0
Chrysanthemum(Loose),50.0,6000.0,600.0,4535,5950.0,iqr,0.0,23850.0
Borehannu,700.0,900.0,800.0,1085,200.0,iqr,100.0,1500.0
Barley (Jau),980.0,1650.0,1250.0,312650,670.0,iqr,0.0,3660.0
Khoya,7500.0,10000.0,8500.0,3774,2500.0,iqr,0.0,17500.0
Soapnut(Antawala-Retha),1400.0,6600.0,2456.0,3992,5200.0,iqr,0.0,22200.0
Polherb,250.0,1500.0,800.0,3,1250.0,wide_median,80.0,8000.0
Chilly Capsicum,1200.0,2500.0,1750.0,124795,1300.0,iqr,0.0,6400.0
Plum,2000.0,5000.0,3200.0,21672,3000.0,iqr,0.0,14000.0
Jarbara,1.3,4.0,2.2,4982,2.7,iqr,0.0,12.100000000000001
Field Pea,1350.0,3500.0,2100.0,90965,2150.0,iqr,0.0,9950.0
Capsicum,1500.0,3672.0,2400.0,425735,2172.0,iqr,0.0,10188.0
Jack Fruit,860.0,1800.0,1300.0,44544,940.0,iqr,0.0,4620.0
She Goat,1200.0,3000.0,1600.0,3926,1800.0,iqr,0.0,8400.0
Galgal(Lemon),1000.0,3150.0,1500.0,3602,2150.0,iqr,0.0,9600.0
Coca,4200.0,4900.0,4500.0,879,700.0,iqr,2100.0,7000.0
Gurellu,2825.0,5062.0,4358.0,197,2237.0,iqr,0.0,11773.0
Peas(Dry),2300.0,4500.0,3260.0,149270,2200.0,iqr,0.0,11100.0
Millets,1360.0,2800.0,1900.0,5607,1440.0,iqr,0.0,7120.0
Carrot,700.0,2500.0,1200.0,767896,1800.0,iqr,0.0,7900.0
Ghee,13500.0,38800.0,26500.0,13885,25300.0,iqr,0.0,114700.0
Astera,100.0,2800.0,100.0,576,2700.0,iqr,0.0,10900.0
Sompu,1900.0,12000.0,1925.0,3,10100.0,wide_median,192.5,19250.0
Bengal Gram(Gram)(Whole),3000.0,4925.0,4125.0,1093716,1925.0,iqr,0.0,10700.0
Little gourd (Kundru),1550.0,3450.0,2450.0,129159,1900.0,iqr,0.0,9150.0
Arhar (Tur-Red Gram)(Whole),3041.0,5840.0,4170.0,696927,2799.0,iqr,0.0,14237.0
Marigold(loose),15.0,4000.0,1125.0,4616,3985.0,iqr,0.0,15955.0
Persimon(Japani Fal),1200.0,4800.0,2500.0,3547,3600.0,iqr,0.0,15600.0
Suram,1900.0,2800.0,2100.0,242,900.0,iqr,0.0,5500.0
Tinda,950.0,2000.0,1400.0,138646,1050.0,iqr,0.0,5150.0
Patti Calcutta,45.0,225.0,110.0,2967,180.0,iqr,0.0,765.0
Ragi (Finger Millet),750.0,2150.0,1437.0,95436,1400.0,iqr,0.0,6350.0
Coconut,1900.0,5400.0,3500.0,230509,3500.0,iqr,0.0,15900.0
Pointed gourd (Parval),1800.0,3600.0,2600.0,205326,1800.0,iqr,0.0,9000.0
Bay leaf (Tejpatta),1000.0,2800.0,2200.0,4194,1800.0,iqr,0.0,8200.0
Cabbage,550.0,1600.0,950.0,1177471,1050.0,iqr,0.0,4750.0
Big Gram,2035.0,3600.0,2580.0,82180,1565.0,iqr,0.0,8295.0
Raibel,100.0,960.0,270.0,3296,860.0,iqr,0.0,3540.0
Kankambra,250.0,500.0,300.0,691,250.0,iqr,0.0,1250.0
Skin And Hide,175.0,3000.0,600.0,647,2825.0,iqr,0.0,11475.0
Dhaincha,2150.0,3570.0,3070.0,6408,1420.0,iqr,0.0,7830.0
Haralekai,950.0,1150.0,1050.0,6,200.0,wide_median,105.0,10500.0
Gram Raw(Chholia),975.0,2800.0,1800.0,15333,1825.0,iqr,0.0,8275.0
Pepper garbled,32500.0,55250.0,40100.0,6195,22750.0,iqr,0.0,123500.0
Beetroot,1150.0,3200.0,2000.0,237508,2050.0,iqr,0.0,9350.0
Chakotha,800.0,1300.0,1000.0,544,500.0,iqr,0.0,2800.0
Antawala,560.0,1200.0,797.0,1407,640.0,iqr,0.0,3120.0
Green Gram Dal (Moong Dal),5400.0,8750.0,7250.0,76774,3350.0,iqr,0.0,18800.0
Ground Nut Seed,3453.0,6600.0,4750.0,47517,3147.0,iqr,0.0,16041.0
Knool Khol,700.0,1600.0,1100.0,43946,900.0,iqr,0.0,4300.0
Pepper ungarbled,32500.0,54500.0,38900.0,20102,22000.0,iqr,0.0,120500.0
Sunflower Seed,1869.0,2850.0,2300.0,6035,981.0,iqr,0.0,5793.0
Ram,1700.0,6800.0,3000.0,1278,5100.0,iqr,0.0,22100.0
Honey,500.0,1000.0,769.0,4,500.0,wide_median,76.9,7690.0
Green Chilli,1400.0,3400.0,2200.0,1635031,2000.0,iqr,0.0,9400.0
Black Gram (Urd Beans)(Whole),2800.0,6000.0,4150.0,634159,3200.0,iqr,0.0,15600.0
Gur(Jaggery),2125.0,3380.0,2900.0,571936,1255.0,iqr,0.0,7145.0
Pundi,115.0,135.0,115.0,6,20.0,wide_median,11.5,1150.0
Leafy Vegetable,460.0,1700.0,950.0,78780,1240.0,iqr,0.0,5420.0
Dry Chillies,4600.0,11500.0,7200.0,105023,6900.0,iqr,0.0,32200.0
Rose(Loose)),45.0,5500.0,2500.0,10830,5455.0,iqr,0.0,21865.0
Dal (Avare),3022.0,5000.0,4000.0,847,1978.0,iqr,0.0,10934.0
Ginger(Green),2500.0,5800.0,3800.0,665783,3300.0,iqr,0.0,15700.0
Methi Seeds,2350.0,4500.0,2950.0,113069,2150.0,iqr,0.0,10950.0
Hippe Seed,6.0,1500.0,700.0,1614,1494.0,iqr,0.0,5982.0
Cluster beans,1700.0,3800.0,2600.0,112193,2100.0,iqr,0.0,10100.0
Soji,1650.0,3600.0,2350.0,3535,1950.0,iqr,0.0,9450.0
Cane,210.0,500.0,220.0,77,290.0,wide_median,22.0,2200.0
Sugarcane,240.0,750.0,300.0,2175,510.0,iqr,0.0,2280.0
Cauliflower,700.0,2000.0,1200.0,1390472,1300.0,iqr,0.0,5900.0
Isabgul (Psyllium),4751.0,9775.0,7200.0,40374,5024.0,iqr,0.0,24847.0
Foxtail Millet(Navane),1350.0,2900.0,1942.0,10551,1550.0,iqr,0.0,7550.0
Binoula,1250.0,2400.0,1600.0,261,1150.0,iqr,0.0,5850.0
Thogrikai,1600.0,3250.0,2300.0,2081,1650.0,iqr,0.0,8200.0
Mahedi,3461.0,6750.0,5000.0,2209,3289.0,iqr,0.0,16617.0
Coconut Seed,2500.0,3500.0,3000.0,26115,1000.0,iqr,0.0,6500.0
Pigs,2600.0,8500.0,3500.0,4253,5900.0,iqr,0.0,26200.0
Potato,550.0,1350.0,860.0,2607472,800.0,iqr,0.0,3750.0
Lak(Teora),1575.0,3310.0,2230.0,42652,1735.0,iqr,0.0,8515.0
Orchid,7.0,21.2,13.0,4042,14.2,iqr,0.0,63.8
Betal Leaves,3250.0,14200.0,7500.0,21685,10950.0,iqr,0.0,47050.0
Cloves,62500.0,80000.0,70000.0,5017,17500.0,iqr,10000.0,132500.0
Calf,3000.0,12000.0,5000.0,3084,9000.0,iqr,0.0,39000.0
Rubber,11400.0,15500.0,13100.0,39617,4100.0,iqr,0.0,27800.0
Sunflower,1820.0,3200.0,2495.0,114024,1380.0,iqr,0.0,7340.0
Ber(Zizyphus-Borehannu),800.0,1900.0,1200.0,25859,1100.0,iqr,0.0,5200.0
Grapes,2500.0,5500.0,4000.0,307298,3000.0,iqr,0.0,14500.0
Goat,1900.0,5000.0,3200.0,21016,3100.0,iqr,0.0,14300.0
Peas cod,1250.0,3250.0,2000.0,98342,2000.0,iqr,0.0,9250.0
Soanf,5000.0,9000.0,6500.0,36853,4000.0,iqr,0.0,21000.0
Maida Atta,1475.0,2300.0,1860.0,17525,825.0,iqr,0.0,4775.0
Egg,300.0,1250.0,575.0,7179,950.0,iqr,0.0,4100.0
Lilly,14.0,30.0,22.0,5270,16.0,iqr,0.0,78.0
Wheat,1200.0,1900.0,1600.0,2458859,700.0,iqr,0.0,4000.0
Lukad,1500.0,3000.0,2200.0,850,1500.0,iqr,0.0,7500.0
Castor Oil,1530.0,3325.0,2419.0,122,1795.0,iqr,0.0,8710.0
Jute Seed,200.0,1750.0,821.0,34,1550.0,wide_median,82.1,8210.0
Bajra(Pearl Millet-Cumbu),880.0,1562.0,1217.0,716031,682.0,iqr,0.0,3608.0
Taramira,2050.0,3999.0,2990.0,45445,1949.0,iqr,0.0,9846.0
Rat Tail Radish (Mogari),550.0,2200.0,1100.0,3750,1650.0,iqr,0.0,7150.0
Sunhemp,1905.0,5759.0,3000.0,537,3854.0,iqr,0.0,17321.0
Gladiolus Bulb,18.0,42.0,30.0,187,24.0,iqr,0.0,114.0
Cock,220.0,7500.0,350.0,12445,7280.0,iqr,0.0,29340.0
Gladiolus Cut Flower,1.5,4.16,2.08,4796,2.66,iqr,0.0,12.14
BOP,14.0,24.0,18.0,3589,10.0,iqr,0.0,54.0
Bran,310.0,750.0,400.0,1032,440.0,iqr,0.0,2070.0
Jute,2275.0,4200.0,3150.0,107111,1925.0,iqr,0.0,9975.0
Bull,8000.0,20000.0,15000.0,4585,12000.0,iqr,0.0,56000.0
Chennangi (Whole),3850.0,4975.0,4500.0,52,1125.0,wide_median,450.0,45000.0
Paddy(Dhan)(Common),1000.0,1700.0,1365.0,2105279,700.0,iqr,0.0,3800.0
Lemon,2100.0,4500.0,3100.0,505878,2400.0,iqr,0.0,11700.0
Mousambi(Sweet Lime),1750.0,3350.0,2500.0,431665,1600.0,iqr,0.0,8150.0
Green Peas,1400.0,3600.0,2150.0,105830,2200.0,iqr,0.0,10200.0
Pegeon Pea (Arhar Fali),2400.0,5250.0,3500.0,23613,2850.0,iqr,0.0,13800.0
Onion,800.0,2000.0,1300.0,2478078,1200.0,iqr,0.0,5600.0
Tamarind Fruit,2000.0,6000.0,3400.0,61166,4000.0,iqr,0.0,18000.0
Nelli Kai,2500.0,3900.0,2900.0,258,1400.0,iqr,0.0,8100.0
Suvarna Gadde,1000.0,2450.0,1800.0,11047,1450.0,iqr,0.0,6800.0
Raddish,400.0,925.0,600.0,711852,525.0,iqr,0.0,2500.0
Lentil (Masur)(Whole),3670.0,6061.0,4900.0,327959,2391.0,iqr,0.0,13234.0
Surat Beans (Papadi),1500.0,4000.0,2617.0,25213,2500.0,iqr,0.0,11500.0
Soyabean,2225.0,3800.0,3194.0,886109,1575.0,iqr,0.0,8525.0
Bhindi(Ladies Finger),1200.0,2800.0,1800.0,1190447,1600.0,iqr,0.0,7600.0
Coffee,7500.0,13100.0,11300.0,14958,5600.0,iqr,0.0,29900.0
Bullar,2200.0,4851.0,3461.0,128,2651.0,iqr,0.0,12804.0
Karbuja(Musk Melon),600.0,1615.0,1000.0,104523,1015.0,iqr,0.0,4660.0
Rajgir,6.0,4175.0,1732.5,13928,4169.0,iqr,0.0,16682.0
Raya,1585.0,3010.0,2375.0,1182,1425.0,iqr,0.0,7285.0
Sweet Potato,800.0,1800.0,1200.0,102537,1000.0,iqr,0.0,4800.0
Paddy(Dhan)(Basmati),2336.0,3400.0,2810.0,58625,1064.0,iqr,0.0,6592.0
Cocoa,4500.0,15000.0,5000.0,2965,10500.0,iqr,0.0,46500.0
Spinach,450.0,1075.0,700.0,325921,625.0,iqr,0.0,2950.0
Mataki,2400.0,5600.0,3300.0,15973,3200.0,iqr,0.0,15200.0
Rose(Local),0.68,4.16,1.45,5182,3.48,iqr,0.0,14.6
Marget,12.0,2800.0,25.0,1800,2788.0,iqr,0.0,11164.0
Ridgeguard(Tori),1150.0,2750.0,1800.0,286122,1600.0,iqr,0.0,7550.0
Bottle gourd,640.0,1350.0,980.0,904559,710.0,iqr,0.0,3480.0
Snakeguard,1500.0,3000.0,2200.0,192024,1500.0,iqr,0.0,7500.0
Kuchur,1200.0,1600.0,1200.0,2,400.0,wide_median,120.0,12000.0
Tapioca,1500.0,2700.0,2000.0,96375,1200.0,iqr,0.0,6300.0
Hybrid Cumbu,657.0,1888.0,1225.0,7174,1231.0,iqr,0.0,5581.0
Guar Seed(Cluster Beans Seed),3340.0,4225.0,3725.0,78170,885.0,iqr,685.0,6880.0
Suva (Dill Seed),3852.0,7250.0,4915.0,9748,3398.0,iqr,0.0,17444.0
Mace,47000.0,80000.0,74500.0,2981,33000.0,iqr,0.0,179000.0
Mango,1500.0,3750.0,2500.0,383770,2250.0,iqr,0.0,10500.0
Chennangi Dal,3700.0,6600.0,5050.0,4803,2900.0,iqr,0.0,15300.0
Balekai,800.0,1500.0,1100.0,3804,700.0,iqr,0.0,3600.0
Siddota,1200.0,1800.0,1600.0,553,600.0,iqr,0.0,3600.0
Mash,1780.0,2911.0,2700.0,24,1131.0,wide_median,270.0,27000.0
Garlic,2500.0,6500.0,4000.0,556661,4000.0,iqr,0.0,18500.0
Colacasia,1380.0,3750.0,2200.0,225879,2370.0,iqr,0.0,10860.0
Thinai (Italian Millet),1090.0,2135.0,1496.0,10437,1045.0,iqr,0.0,5270.0
Ajwan,5325.0,11000.0,8151.0,27842,5675.0,iqr,0.0,28025.0
Cotton,3231.0,5285.0,4350.0,686378,2054.0,iqr,0.0,11447.0
Moath Dal,2500.0,5000.0,3800.0,18485,2500.0,iqr,0.0,12500.0
Pumpkin,600.0,1370.0,950.0,886478,770.0,iqr,0.0,3680.0
Banana - Green,1150.0,3200.0,1680.0,372996,2050.0,iqr,0.0,9350.0
Broken Rice,490.0,900.0,700.0,6142,410.0,iqr,0.0,2130.0
Custard Apple (Sharifa),1000.0,3500.0,2000.0,1528,2500.0,iqr,0.0,11000.0
Jamamkhan,800.0,1650.0,1300.0,229,850.0,iqr,0.0,4200.0
Jasmine,210.0,14500.0,4500.0,3045,14290.0,iqr,0.0,57370.0
Riccbcan,750.0,1900.0,1500.0,9,1150.0,wide_median,150.0,15000.0
Red Gram,2000.0,3330.0,2450.0,199230,1330.0,iqr,0.0,7320.0
Corriander seed,3600.0,6600.0,5130.0,186573,3000.0,iqr,0.0,15600.0
Squash(Chappal Kadoo),800.0,1800.0,1200.0,37064,1000.0,iqr,0.0,4800.0
Sheep,1800.0,5300.0,3300.0,15576,3500.0,iqr,0.0,15800.0
Sajje,600.0,1275.0,945.0,4317,675.0,iqr,0.0,3300.0
Cowpea (Lobia-Karamani),2445.0,5246.0,3760.0,55537,2801.0,iqr,0.0,13649.0
Rice,1650.0,2730.0,2300.0,1326956,1080.0,iqr,0.0,5970.0
Sponge gourd,850.0,1800.0,1220.0,110928,950.0,iqr,0.0,4650.0
Jaffri,8.75,2600.0,25.0,2695,2591.25,iqr,0.0,10373.75
Amphophalus,2000.0,3500.0,2700.0,88018,1500.0,iqr,0.0,8000.0
Nutmeg,21000.0,31500.0,25000.0,8622,10500.0,iqr,0.0,63000.0
Ashgourd,1050.0,2000.0,1500.0,173354,950.0,iqr,0.0,4850.0
Chapparad Avare,1800.0,3100.0,2500.0,7323,1300.0,iqr,0.0,7000.0
Amaranthus,1600.0,3000.0,2200.0,140403,1400.0,iqr,0.0,7200.0
Lotus Sticks,2800.0,5000.0,3750.0,3708,2200.0,iqr,0.0,11600.0
Chikoos(Sapota),1100.0,2550.0,1800.0,177711,1450.0,iqr,0.0,6900.0
Cherry,5500.0,12000.0,8000.0,4431,6500.0,iqr,0.0,31500.0
Beaten Rice,1600.0,2750.0,2250.0,6322,1150.0,iqr,0.0,6200.0
Nearle Hannu,1100.0,3000.0,1600.0,16,1900.0,wide_median,160.0,16000.0
Pear(Marasebu),1100.0,3750.0,2200.0,41314,2650.0,iqr,0.0,11700.0
Same-Savi,1000.0,2300.0,1525.0,8498,1300.0,iqr,0.0,6200.0
Marasebu,700.0,1500.0,1000.0,591,800.0,iqr,0.0,3900.0
Egypian Clover(Barseem),1050.0,1500.0,1050.0,2,450.0,wide_median,105.0,10500.0
Bunch Beans,1100.0,2400.0,1650.0,6942,1300.0,iqr,0.0,6300.0
Guava,900.0,2400.0,1500.0,205177,1500.0,iqr,0.0,6900.0
Cardamoms,57500.0,112500.0,80000.0,10267,55000.0,iqr,0.0,277500.0
Firewood,180.0,300.0,235.0,5541,120.0,iqr,0.0,660.0
Cotton Seed,1980.0,4777.0,4000.0,6079,2797.0,iqr,0.0,13168.0
Ground Nut Oil,3120.0,9950.0,4500.0,252,6830.0,iqr,0.0,30440.0
Arhar Dal(Tur Dal),7000.0,9575.0,8780.0,143339,2575.0,iqr,0.0,17300.0
Dry Fodder,340.0,660.0,485.0,6762,320.0,iqr,0.0,1620.0
Kulthi(Horse Gram),2034.0,3891.0,2825.0,120213,1857.0,iqr,0.0,9462.0
Copra,5300.0,9850.0,7800.0,76617,4550.0,iqr,0.0,23500.0
Karamani,1519.0,4195.0,2460.0,5192,2676.0,iqr,0.0,12223.0
Dry Grapes,12500.0,24500.0,16000.0,2689,12000.0,iqr,0.0,60500.0
Daila(Chandni),40.0,75.0,50.0,1546,35.0,iqr,0.0,180.0
Bitter gourd,1300.0,3500.0,2100.0,866330,2200.0,iqr,0.0,10100.0
Brinjal,750.0,1900.0,1200.0,1727730,1150.0,iqr,0.0,5350.0
Groundnut pods (raw),2300.0,3841.0,2950.0,48823,1541.0,iqr,0.0,8464.0
Almond(Badam),2600.0,55000.0,5500.0,1543,52400.0,iqr,0.0,212200.0
Cucumbar(Kheera),800.0,1900.0,1250.0,1093863,1100.0,iqr,0.0,5200.0
Groundnut,2575.0,4920.0,3775.0,487153,2345.0,iqr,0.0,11955.0
Seetapal,700.0,3500.0,2000.0,15180,2800.0,iqr,0.0,11900.0
Mahua Seed(Hippe seed),1350.0,2450.0,1800.0,13285,1100.0,iqr,0.0,5750.0
Duster Beans,2500.0,5500.0,3800.0,8681,3000.0,iqr,0.0,14500.0
Onion Green,500.0,1500.0,900.0,64360,1000.0,iqr,0.0,4500.0
Castor Seed,2643.0,4288.0,3550.0,272823,1645.0,iqr,0.0,9223.0
Lime,1100.0,3750.0,2200.0,119431,2650.0,iqr,0.0,11700.0
Round gourd,550.0,1450.0,900.0,66240,900.0,iqr,0.0,4150.0
Tender Coconut,2750.0,8000.0,4500.0,48122,5250.0,iqr,0.0,23750.0
Amla(Nelli Kai),1000.0,3500.0,1950.0,34419,2500.0,iqr,0.0,11000.0
Coriander(Leaves),600.0,2650.0,1250.0,336662,2050.0,iqr,0.0,8800.0
Papaya (Raw),850.0,1800.0,1200.0,72060,950.0,iqr,0.0,4650.0
Lotus,4.1,13.0,9.0,1836,8.9,iqr,0.0,39.7
Pundi Seed,300.0,1080.0,812.0,4,780.0,wide_median,81.2,8120.0
Indian Beans (Seam),1500.0,4000.0,2500.0,62318,2500.0,iqr,0.0,11500.0
Kharif Mash,1348.0,1525.0,1348.0,2,177.0,wide_median,134.8,13480.0
Rose(Tata),1.75,2.4,2.0,1767,0.6499999999999999,iqr,0.0,4.35
Peas Wet,1350.0,3500.0,2150.0,319963,2150.0,iqr,0.0,9950.0
Methi(Leaves),500.0,1450.0,800.0,173620,950.0,iqr,0.0,4300.0
Kabuli Chana(Chickpeas-White),4211.0,7700.0,5200.0,72720,3489.0,iqr,0.0,18167.0
Sugar,1970.0,3570.0,3180.0,77905,1600.0,iqr,0.0,8370.0
Litchi,3260.0,6050.0,4500.0,18201,2790.0,iqr,0.0,14420.0
Masur Dal,3050.0,6850.0,4850.0,141543,3800.0,iqr,0.0,18250.0
Maragensu,400.0,667.0,500.0,314,267.0,iqr,0.0,1468.0
Fish,9000.0,19000.0,14000.0,105562,10000.0,iqr,0.0,49000.0
Chili Red,3500.0,9750.0,6000.0,75514,6250.0,iqr,0.0,28500.0
Chow Chow,600.0,1500.0,1000.0,7049,900.0,iqr,0.0,4200.0
Duck,275.0,525.0,395.0,843,250.0,iqr,0.0,1275.0
Apple,3500.0,7200.0,5350.0,956025,3700.0,iqr,0.0,18300.0
Pomegranate,4300.0,7000.0,5650.0,452620,2700.0,iqr,0.0,15100.0
Cashewnuts,6300.0,19000.0,10000.0,37741,12700.0,iqr,0.0,57100.0
Jamun(Narale Hannu),2000.0,4500.0,3000.0,7624,2500.0,iqr,0.0,12000.0
Niger Seed (Ramtil),1775.0,4200.0,3000.0,10477,2425.0,iqr,0.0,11475.0
Marigold(Calcutta),9.0,1500.0,30.0,9047,1491.0,iqr,0.0,5973.0
Mashrooms,6500.0,12000.0,9000.0,18924,5500.0,iqr,0.0,28500.0
Alsandikai,2000.0,3400.0,2700.0,5025,1400.0,iqr,0.0,7600.0
Javi,1010.0,1400.0,1162.5,582,390.0,iqr,0.0,2570.0
Black Gram Dal (Urd Dal),6600.0,9110.0,8540.0,95053,2510.0,iqr,0.0,16640.0
Tomato,800.0,2050.0,1300.0,2244154,1250.0,iqr,0.0,5800.0
French Beans (Frasbean),2000.0,4200.0,3000.0,185152,2200.0,iqr,0.0,10800.0
Green Gram (Moong)(Whole),3500.0,6401.0,5000.0,577668,2901.0,iqr,0.0,15104.0
Neem Seed,550.0,2000.0,1000.0,5551,1450.0,iqr,0.0,6350.0
Kinnow,1100.0,2000.0,1450.0,138471,900.0,iqr,0.0,4700.0
Kacholam,449.0,540.0,480.0,109,91.0,iqr,176.0,813.0
Dalda,4380.0,6800.0,5500.0,6274,2420.0,iqr,0.0,14060.0
Green Fodder,135.0,225.0,180.0,4275,90.0,iqr,0.0,495.0
Sesamum(SesameGingellyTil),4750.0,9300.0,6577.0,347449,4550.0,iqr,0.0,22950.0
Coconut Oil,9500.0,17700.0,14600.0,45381,8200.0,iqr,0.0,42300.0
Long Melon(Kakri),700.0,1600.0,1100.0,41567,900.0,iqr,0.0,4300.0
He Buffalo,5000.0,13000.0,8900.0,4004,8000.0,iqr,0.0,37000.0
Delha,85.0,180.0,100.0,572,95.0,iqr,0.0,465.0
Gramflour,4900.0,6000.0,5400.0,620,1100.0,iqr,1600.0,9300.0
Linseed,2650.0,4785.0,3900.0,69721,2135.0,iqr,0.0,11190.0
Kartali (Kantola),3000.0,6150.0,4550.0,8544,3150.0,iqr,0.0,15600.0
Season Leaves,450.0,1050.0,650.0,17016,600.0,iqr,0.0,2850.0
Kodo Millet(Varagu),1650.0,2405.0,2005.0,12600,755.0,iqr,0.0,4670.0
Mahua,1400.0,2400.0,1800.0,40579,1000.0,iqr,0.0,5400.0
Tamarind Seed,1000.0,2250.0,1500.0,17744,1250.0,iqr,0.0,6000.0
Honge seed,1000.0,2500.0,1891.0,2197,1500.0,iqr,0.0,7000.0
Kakada,175.0,350.0,225.0,1466,175.0,iqr,0.0,875.0
Ambada Seed,550.0,1250.0,650.0,363,700.0,iqr,0.0,3350.0
Indian Colza(Sarson),450.0,1200.0,700.0,14007,750.0,iqr,0.0,3450.0
Hen,124.0,8000.0,360.0,14719,7876.0,iqr,0.0,31628.0
